{
  "timestamp": "2025-09-25T18:17:51.213036",
  "parameters": {
    "R0": 0.1,
    "c1": 0.6666666666666666,
    "c": 0.35,
    "kappa": 0.8,
    "T": 1000000000000.0,
    "method": "current",
    "sub_weyl_exp": 0.16463414634146342,
    "model": "realistic"
  },
  "derived": {
    "h": 0.012666922388844844,
    "delta": 0.028952965460216792,
    "alpha_star": 0.2646341463414634,
    "C_thin_star": 21.170731707317074
  },
  "measurements": {
    "avg_proxy": 0.11898758322409382,
    "std_proxy": 0.021170731707317078,
    "bound_rhs": 0.21453441236131368,
    "margin": 0.09554682913721986,
    "margin_percent": 44.53683121768931
  },
  "threshold": {
    "C_right": 0.569961,
    "log_T0": 3.9007547468302923,
    "T0": 49.43974952181607
  }
}